Rain(mm),T15,T30,T45
10,0.000011,0.0000055,0.00000367
20,0.000022,0.0000011,0.00000754
40,0.000044,0.0000022,0.00000126
Time,900,1800,2700
